Title,Author,Format-Year
Learning Spanish-beginner I,"Iris Acevedo A.; Spanishonline, Costarica",N/A
Real-World Spanish: The Conversation Learning System,Camila Vega Rivera,N/A
A Beginner's Guide to Learning Spanish,"Miller, Jackson",N/A
100 Facts About Learning Spanish,Science-Based Language Learning Lab,N/A
100 Facts About Learning Spanish,Science-Based Language Learning Lab,N/A
No Tears Spanish Grammar: Easy Learning: Essential Rules for Beginners,"Bennett, Olivia",N/A
Learning Spanish for Adults Beginner,"World, Spain",N/A
Learning to Read in English and Spanish Made Easy,"Navarijo, Susie G.",N/A
Spanish for Beginners: A Comprehensive Guide for Learning the Spanish Language Fast,Language Equipped Travelers,N/A
"Spanish: Beginner's Step by Step Course to Quickly Learning the Spanish Language, Spanish Grammar &","Michaels, Steven J.",N/A
Learn Spanish Like a Native for Beginners - Level 1: Learning Spanish in Your Car Has Never Been Eas,Learn Like a Native,N/A
Learn Spanish Like a Native for Beginners - Level 2: Learning Spanish in Your Car Has Never Been Eas,Learn Like a Native,N/A
I'm Learning Spanish,"Gardner, James M.",N/A
I am learning Spanish,"Gardner, James M.",N/A
The Best Spanish Learning Games for Children,"Professor, Baby",N/A
Easy Learning Spanish Vocabulary,"Dictionaries, Collins",N/A
Spanish Easy Learning Complete Course,"Carmen García del Río; Fitzsimons, Ronan",N/A
Learning the Local Language: Your Guide to Real World Spanish,"Romey, Jared",N/A
Expressing Possession in Spanish,,N/A
Cognates and False Cognates,,N/A
